"","Organism","Limb.Width","unitsW","Limb.Length","unitsL"
"1","Struthio camelus",19.2687296897738,"cm",16.5715633673873,"cm"
"2","Dromaius novaehollandiae",12.3917754251956,"mm",1.90923911016507,"mm"
"3","Rhea americana",16.0200863227639,"cm",66.4790165139688,"mm"
"4","Apteryx australis",2.61185127695481,"cm",35.3467974406873,"cm"
"5","Cygnus buccinator",25.1145439776759,"mm",94.4050900998505,"mm"
"6","Cygnus atratus",13.0542282889018,"cm",218.408232007069,"mm"
"7","Leipoa ocellata",4.01652907055972,"mm",68.551088486945,"mm"
"8","Ortalis vetula",14.9247732146024,"mm",60.3416990073994,"cm"
"9","Ortalis ruficauda",11.0515321224828,"mm",76.3894710722064,"mm"
"10","Ammoperdix griseogularis",2.83969420048908,"mm",104.889933179033,"cm"
